{"cameraMode":{"drawMode":0,"name":"Shaded","section":"Shading Mode"},"sceneLighting":true,"audioPlay":false,"sceneViewState":{"m_AlwaysRefresh":false,"showFog":true,"showSkybox":true,"showFlares":true,"showImageEffects":true,"showParticleSystems":true,"showVisualEffectGraphs":true,"m_FxEnabled":true},"in2DMode":false,"pivot":{"x":2.75490140914917,"y":5.070641994476318,"z":25.83380889892578},"rotation":{"x":-0.0011556800454854966,"y":-0.9268556237220764,"z":0.37547504901885989,"w":-0.0027793990448117258},"size":0.09761243313550949,"orthographic":false}