{"cameraMode":{"drawMode":0,"name":"Shaded","section":"Shading Mode"},"sceneLighting":true,"audioPlay":false,"sceneViewState":{"m_AlwaysRefresh":false,"showFog":true,"showSkybox":true,"showFlares":true,"showImageEffects":true,"showParticleSystems":true,"showVisualEffectGraphs":true,"m_FxEnabled":true},"in2DMode":false,"pivot":{"x":8.595377922058106,"y":5.874418258666992,"z":18.531108856201173},"rotation":{"x":0.05844512954354286,"y":-0.7033110857009888,"z":0.060341037809848788,"w":0.7072755694389343},"size":3.296076774597168,"orthographic":false}