{"cameraMode":{"drawMode":0,"name":"Shaded","section":"Shading Mode"},"sceneLighting":false,"audioPlay":false,"sceneViewState":{"m_AlwaysRefresh":false,"showFog":true,"showSkybox":false,"showFlares":true,"showImageEffects":true,"showParticleSystems":true,"showVisualEffectGraphs":true,"m_FxEnabled":true},"in2DMode":false,"pivot":{"x":0.03000020980834961,"y":9.90999984741211,"z":23.950000762939454},"rotation":{"x":0.03085494600236416,"y":-0.9381781220436096,"z":0.3343266546726227,"w":0.08710590749979019},"size":17.209320068359376,"orthographic":false}